ID,Tên sản phẩm,Danh mục,Phong cách,Giá,Kích thước,Chất liệu,Màu sắc,Mô tả,Hình ảnh
PRD_CON_001,Sofa,Bàn ghế,Contemporary,40069243.0,"221 x 87,6 x 70 cm",Vải nhung x nệm cao su,nâu,"Màu nâu trung tính, hợp với nhiều
không gian phòng khách",product-contemporary-sofa-01 jpg
PRD_CON_002,Ghế xếp đa năng,Bàn ghế,Contemporary,14570374.0,90 x 90 x 94 cm,"Hỗn hợp cotton , 
hỗn hợp linen","gỗ màu, vàng nhạt","Màu gỗ vàng nhạt tươi sáng, hợp 
với các không gian phòng sáng",product-contemporary-ghe-xep-02 jpg
PRD_CON_003,Kệ tủ gỗ,Kệ tủ,Contemporary,7545247.0,"137 ,2 x 40 x 77 ,2",Gỗ công nghiệp,màu quả óc chó,"Màu gỗ sang trọng  thích hợp
làm kệ TV hoặc tủ đồ ở bất cứ 
không gian nào ",product-contemporary-ke-tu-03 jpg
PRD_CON_004,Đồng hồ cát,Phụ kiện,Contemporary,1378746.0,"12,7 x 12,7 x 27,9 cm","Nhôm , thủy tinh",màu nâu đồng,Thích hợp để trang trí ở các kệ tủ,product-contemporary-dong-ho-cat-04 jpg
PRD_CON_005,Đèn,Đèn,Contemporary,2081259.0,14 x 14 x 39,kim loại tổng hợp,màu nâu đồng,"Chân đèn được cách điệu thành
hình ngọn lửa đang cháy, dùng làm đèn
ngủ hoặc trang trí cho không gian phòng",product-contemporary-den-05 jpg
PRD_CON_006,Đèn bàn,Phụ kiện,Contemporary,1274670.0,"13,8 x 13,8 x 29 cm",Thép,đen,Đèn bàn để ở phòng khách hoặc bàn học,product-contemporary-den-ban-06 jpg
PRD_CON_007,Tranh Thánh George,Phụ kiện,Contemporary,6504490.0,"45,7  x 61 cm",gỗ,màu sơn dầu tổng hợp,"Tranh treo tường vẽ Thánh George theo 
phong cách Chính thống giáo",product-contemporary-tranh-thanh-george-07 jpg
PRD_CON_008,Thảm trải sàn,Thảm,Contemporary,7024869.8,"304,8 x 243,8 cm",nhựa Polypropylene,màu tổng hợp,"Thảm trải sàn theo phong cách nghệ thuật
hình khối",product-contemporary-tham-trai-san-08 jpg
PRD_CON_009,Chậu cây,Phụ kiện,Contemporary,2289672.0,"12,1 x 5,1 x 12,7 cm",gốm sứ,"xanh , lục , xanh dương
vàng","Chậu cây lấy cảm hứng từ vòng xoay trong
các rạp xiếc",product-contemporary-chau-cay-09 jpg
PRD_CON_010,Sofa đơn,Bàn ghế,Contemporary,12228669.0,"119,4 x 119,4 x 68,6 cm","cao su , vải , nhung",đỏ,"Sofa đơn để ở phòng ngủ hoặc phòng khách
lấy cảm hứng giống bông hoa Tulip",product-contemporary-sofa-don-10 jpg
PRD_IND_001,Bàn ghế ăn uống,Bàn ghế,Industrial,4345414.0,"Bàn: 109 x 71 x 100 cm
Ghế: 86,4 x 41 x 38 cm",inox không gỉ x gỗ,"đen, nâu",bộ bàn ghế 4 người cho phòng bếp,product-industrial-ban-an-01.jpg
PRD_IND_002,Giường ngủ,Giường,Industrial,3017943.0,"211 x 157,5 x 104 cm",inox không gỉ,đen,giường đơn chưa có đệm,product-industrial-giuong-02.jpg
PRD_IND_003,Đèn,Đèn,Industrial,4006664.0,70 cm,inox không gỉ x nhôm,loan màu đồng,"chân đèn trang trí ở các góc phòng,
có hình dáng cần cẩu",product-industrial-den-03.jpg
PRD_IND_004,Kệ để đồ,Kệ tủ,Industrial,4240835.0,"120 x 34,8 x 169 cm",gỗ,nâu,"hình dáng độc đáo, các trụ gỗ
được tạo ra từ các hoạ tiết đan xen nhau",product-industrial-ke-de-do-04.jpg
PRD_IND_005,Tủ quần áo,Kệ tủ,Industrial,8846196.0,90 x 40 x 140 cm,inox không gỉ,đen,tủ đồ thiết kế tối giản,product-industrial-tu-quan-ao-05.jpg
PRD_IND_006,Mô hình máy quay phim ,Phụ kiện,Industrial,1196613.0,"27,9 x 21,5 x 40,5 cm",thép không gỉ ,vàng nâu,"thiết kế lấy cảm hứng từ chiếc máy 
quay phim",product-industrial-may-quay-phim-06.jpg
PRD_IND_007,Giá treo tường,Kệ tủ,Industrial,1795050.81,"61,6 x 19,7 x 79,1 cm","gỗ, sắt","nâu, đen","giá treo tường có thiết kế giống với
các đường ống nước",product-industrial-gia-treo-tuong-07.jpg
PRD_IND_008,Đèn trần,Đèn,Industrial,5203540.0,52 x 52 x 57 cm,"sắt, thép",đen,đèn trần phong cách SteamPunk độc đáo,product-industrial-den-tran-08.jpg
PRD_IND_009,Tranh treo tường,Phụ kiện,Industrial,2653678.0,"101,6 x 50,8 cm",vải Canvas,màu vẽ tổng hợp,tranh phong cảnh vẽ theo phong cách Industrial,product-industrial-tranh-treo-tuong-09.jpg
PRD_IND_010,Đèn bàn,Đèn,Industrial,1690974.0,17 x 17 x 56 cm,"gỗ, nhôm","nâu, đen","đèn bàn 3 chân, bỏ trên bàn làm việc hoặc dùng
làm đèn ngủ",product-industrial-den-ban-10.jpg
PRD_IND_011,Bàn đơn,Bàn ghế,Industrial,3849664.0,50 x 50 x 57.9 cm,"sắt, thép",đen,"bàn đơn dùng để ở cạnh giường hoặc góc phòng,
có đế lấy cảm hứng từ chân máy may",product-industrial-ban-don-11.jpg
PRD_IND_012,Đèn bàn bóng dây tóc,Đèn,Industrial,728103.0,8.9  x 8.9  x 12.4 cm,Kim loại tổng hợp,đen,"đèn để bàn lấy cảm hứng từ những bóng đèn
dây tóc cuối TK19",product-industrial-den-ban-12.jpg
PRD_IND_013,Decal dán tường,Phụ kiện,Industrial,2601040.0,365.8  x 254 cm,Giấy,"đen, nâu","decal dùng để dán tường, có hình bánh răng cơ khí
làm ta liên tưởng ở các công xưởng",product-industrial-decal-dan-tuong-13.jpg
PRD_IND_014,Bàn ghế phòng khách,Bàn ghế,Industrial,72836140.0,"Bàn: 89 x 52 x 48 cm
Ghế: 59.0  x 145  x 80 cm ",thép không gỉ ,cam,"Bộ bàn  ghế dùng để tiếp khách, được làm từ 
những chiếc thùng phuy",product-industrial-ban-ghe-phong-khach-14.jpg
PRD_IND_015,Giá treo mũ,Kệ tủ,Industrial,1014247.0,14.9  x 14.9  x 25.7 cm,"inox, gỗ","đen, vàng","giá treo mũ tối giản, thích hợp ở mọi không gian
phòng",product-industrial-gia-treo-mu-15.jpg
PRD_JAP_001,Giường ngủ đầu giường bọc nệm sọc dọc,Giường,Japandi,15500000,180 x 200 x 120 cm,Khung gỗ tự nhiên + vải bọc nệm,"Nâu be (gỗ), be nhạt (vải), trắng (ga)","Giường bệt (platform bed) đế gỗ thấp nổi khối, đầu giường bọc nệm chia múi sọc dọc, đi kèm ga gối trắng - be và khăn trải cuối giường màu be.",product-japandi-bed-01.png
PRD_JAP_002,Giường ngủ đầu giường bo góc tối giản,Giường,Japandi,12800000,160 x 200 x 110 cm,Khung gỗ tự nhiên + vải bọc nệm,"Kem/be (vải), nâu gỗ sáng","Giường bệt chân/đế gỗ thấp, đầu giường bọc vải bo góc mềm mại, không hoạ tiết, tổng thể tối giản ấm áp.",product-japandi-bed-02.jpg
PRD_JAP_003,Set phòng ngủ giường gỗ + đèn lồng treo,Giường,Japandi,18900000,180 x 200 x 130 cm ,"Gỗ tự nhiên (đầu giường liền kệ đầu giường), vải lanh, giấy (đèn lồng)","Nâu gỗ, kem tường, trắng ngà (ga, đèn)","Ảnh phòng: giường gỗ đầu giường liền 2 kệ đầu giường nổi hai bên, treo 2 đèn lồng giấy tròn, phía trên tường có tranh chim hạc; ga gối trắng kem, khăn trải sọc xanh đen.",product-japandi-bed-03.jpg
PRD_JAP_004,Giường ngủ đầu giường bo tròn có đèn hắt,Giường,Japandi,21500000,180 x 200 x 115 cm,Gỗ tự nhiên màu sáng,"Vàng gỗ sáng, xám (ga), be tường","Giường gỗ chân thấp, đầu giường bo tròn một góc, có dải đèn LED hắt sáng phía sau đầu giường và dưới gầm giường, đặt cạnh táp đầu giường liền tường.",product-japandi-bed-04.jpg
PRD_JAP_005,Giường ngủ có kệ đầu giường tích hợp,Giường,Japandi,23800000,180 x 200 x 140 cm,Gỗ công nghiệp/tự nhiên phủ vân gỗ,"Vàng nâu (gỗ), xanh rêu - be (ga)","Giường gỗ có phần đầu giường kéo dài thành kệ trưng bày (đồng hồ, bình hoa, sách), kèm 2 táp đầu giường 2 ngăn kéo cùng tông gỗ; ga gối phối màu xanh rêu và be.",product-japandi-bed-05.jpg
PRD_JAP_006,Ghế bar chân cao tựa sừng bò,Bàn ghế,Japandi,2350000,42 x 48 x 98 cm,"Khung gỗ tự nhiên, đệm ngồi bọc vải","Nâu gỗ sáng, xám (đệm)","Ghế bar (stool) chân cao, tựa lưng cong hình sừng bò đặc trưng phong cách Bắc Âu, mặt ghế đệm bọc vải xám, có thanh giằng chân.",product-japandi-chair-01.webp
PRD_JAP_007,Ghế ăn gỗ liền khối tựa cong,Bàn ghế,Japandi,1850000,45 x 52 x 78 cm,Gỗ tần bì (ash) nguyên khối,Nâu trầm,"Ghế ăn 4 chân gỗ, mặt ngồi và tựa lưng gỗ liền khối cong nhẹ theo dáng người, không đệm, hoàn thiện màu gỗ nâu trầm.",product-japandi-chair-02.webp
PRD_JAP_008,Ghế ăn bọc da uốn cong chân kim loại,Bàn ghế,Japandi,3200000,55 x 58 x 80 cm,"Gỗ uốn cong bọc da/simili, chân kim loại sơn đen","Trắng kem (đệm), nâu gỗ, đen (chân)","Ghế ăn dáng mid-century, lưng và mặt ghế gỗ uốn cong bọc đệm da màu kem viền gỗ, chân kim loại mảnh sơn đen.",product-japandi-chair-03.webp
PRD_JAP_009,Ghế ăn bọc bouclé chân gỗ thông,Bàn ghế,Japandi,2750000,52 x 55 x 76 cm,"Chân/khung gỗ thông, đệm vải bouclé","Kem/trắng ngà (vải), vàng gỗ sáng","Ghế ăn mặt ngồi tròn đệm dày và tựa lưng cong bọc vải bouclé màu kem, 4 chân gỗ thông sáng màu.",product-japandi-chair-04.webp
PRD_JAP_010,Bộ bàn ăn mặt đá travertine chân khối chữ X + 4 ghế,Bàn ghế,Japandi,45000000,180 x 90 x 75 cm,"Mặt đá travertine, chân bàn gỗ, ghế bọc vải","Kem đá (mặt bàn), nâu trầm (gỗ), be (ghế)","Bàn ăn oval mặt đá travertine, 2 chân bàn dạng khối gỗ nâu trầm hình chữ X; đi kèm 4 ghế bọc vải kem tựa lưng cong ôm.",product-japandi-diningtableset-01.webp
PRD_JAP_011,Bộ bàn ăn oval gỗ sồi + 6 ghế tay vịn,Bàn ghế,Japandi,38500000,200 x 100 x 75 cm,"Gỗ sồi tự nhiên, đệm ghế simili","Vàng gỗ sáng, xám (đệm ghế)","Bàn ăn oval gỗ sồi sáng màu cùng 6 ghế tay vịn gỗ đệm simili xám, decor bình hoa và tách trà trên bàn.",product-japandi-diningtableset-02.webp
PRD_JAP_012,Bộ bàn ăn mặt đá marble chân chữ X + 6 ghế mây,Bàn ghế,Japandi,52000000,180 x 90 x 75 cm,"Mặt đá marble, chân gỗ, ghế khung gỗ đan mây (cane)","Be - nâu vân đá, vàng gỗ sáng, kem (đệm)","Bàn ăn chữ nhật bo góc mặt đá marble be-nâu, chân gỗ chữ X; 6 ghế khung gỗ sáng lưng đan mây kiểu rattan, đệm ngồi kem.",product-japandi-diningtableset-03.webp
PRD_JAP_013,Bộ bàn ăn oval mặt đá chân tiện tầng + 4 ghế,Bàn ghế,Japandi,48500000,200 x 95 x 76 cm,"Mặt đá travertine, chân gỗ tiện hình cầu xếp tầng, ghế bọc vải","Kem đá, nâu gỗ, kem (ghế)","Bàn ăn oval kéo dài mặt đá travertine, chân bàn gỗ tiện dạng các khối cầu xếp chồng độc đáo; 4 ghế bọc vải kem tựa lưng cong, đặt trong không gian bếp thật.",product-japandi-diningtableset-04.webp
PRD_JAP_014,Bộ bàn trà/họp oval lớn có ngăn kệ + ghế tay vịn,Bàn ghế,Japandi,42000000,220 x 100 x 76 cm,"Gỗ tự nhiên nguyên khối, đệm ghế vải","Nâu gỗ trầm, kem (đệm)","Bàn oval lớn kiểu bàn trà/họp có ngăn kệ chứa đồ dưới mặt bàn, đi kèm bộ ấm trà; các ghế tay vịn gỗ đệm kem, đặt cạnh kệ sách gỗ và cây xanh.",product-japandi-diningtableset-05.jpg
PRD_JAP_015,Bộ bàn ăn gỗ chân sắt gấp gọn + 4 ghế,Bàn ghế,Japandi,8900000,120 x 70 x 75 cm,"Mặt gỗ công nghiệp phủ vân, chân/khung sắt sơn đen","Vàng gỗ sáng, đen (khung sắt)","Bàn ăn chữ nhật mặt gỗ vân sáng, chân sắt đen mảnh; 4 ghế khung sắt đen gấp gọn mặt/tựa gỗ, phong cách nhỏ gọn tiết kiệm diện tích.",product-japandi-diningtableset-06.webp
PRD_JAP_016,Bàn trang điểm gương tròn + ghế đôn tròn,Bàn ghế,Japandi,9800000,120 x 40 x 75 cm,"Gỗ óc chó/gỗ công nghiệp vân nâu, ngăn kéo sơn kem, ghế bọc bouclé","Nâu gỗ, trắng kem (ngăn kéo), be (ghế)","Bàn trang điểm gỗ có 2 ngăn kéo mặt sơn kem, gương tròn viền be gắn trên mặt bàn; đi kèm ghế đôn tròn bọc vải bouclé chân gỗ.",product-japandi-dressingtable-01.webp
PRD_JAP_017,Bàn trang điểm gỗ sáng gương đèn LED tròn,Bàn ghế,Japandi,8500000,100 x 40 x 75 cm,"Gỗ thông tự nhiên, gương viền đèn LED","Vàng gỗ sáng, trắng (viền gương)","Bàn trang điểm gỗ thông sáng màu, 2 ngăn kéo lớn phía trước, tủ ngăn kéo phụ bên cạnh; gương tròn có viền đèn LED, kèm ghế đôn gỗ vuông cùng tông.",product-japandi-dressingtable-02.webp
PRD_JAP_018,Bàn trang điểm mặt mây đan + ghế đôn da,Bàn ghế,Japandi,11200000,110 x 42 x 75 cm,"Gỗ tự nhiên, mặt ngăn kéo đan mây, ghế bọc da","Nâu gỗ, be (mây đan), đen (đệm ghế)","Bàn trang điểm chân xiên gỗ, một bên ngăn kéo gỗ trơn, một bên mặt ngăn kéo đan mây; gương tròn viền vàng đồng có đèn, ghế đôn bọc da đen, đặt cạnh giường đầu giường cong.",product-japandi-dressingtable-03.webp
PRD_JAP_019,Đèn lồng giấy hình cầu treo trần,Đèn,Japandi,1450000,45 cm,"Giấy dó/giấy lụa bọc khung, dây điện vải bọc","Kem ngà, đen (dây treo)","Đèn thả trần dạng lồng giấy hình cầu tròn lớn, ánh sáng vàng ấm hắt qua các đường gân giấy, dây treo màu đen.",product-japandi-lamp-01.png
PRD_JAP_020,Bộ đèn lồng giấy nhiều kiểu dáng,Đèn,Japandi,3200000,40 cm ,Giấy/vải bọc khung kim loại,"Trắng, đen (chóa/dây)","Bộ 3 đèn thả trần kiểu lồng giấy phối dáng khác nhau (tròn, oval, trụ) kết hợp chao hình bát úp phía dưới, treo cụm tạo điểm nhấn.",product-japandi-lamp-02.jpg
PRD_JAP_021,Đèn thả hoa sen 5 cánh gỗ + vải,Đèn,Japandi,2850000,65 x 40 cm,"Khung gỗ uốn, vải bọc chao","Vàng gỗ nhạt, kem (vải)","Đèn thả trần dáng hoa sen cách điệu, chao trung tâm hình chuông và 5 cánh xoè xung quanh bọc vải trên khung gỗ mỏng, ánh sáng vàng ấm hắt qua vải.",product-japandi-lamp-3.jpg
PRD_JAP_022,Đèn thả 2 tầng chao tròn vẽ tre - núi,Đèn,Japandi,2450000,50 x 35 cm,"Vải/giấy bọc khung kim loại, dây treo đen","Kem/be, hoạ tiết mực tàu đen","Đèn thả 2 tầng chao hình bát úp lồng nhau, in hoạ tiết tranh thuỷ mặc (cây tre, núi non), viền chao màu tối, đế treo đen.",product-japandi-lamp-04.png
PRD_JAP_023,Đèn thả 2 tầng chao oval vẽ sông núi - thuyền,Đèn,Japandi,2650000,55 x 38 cm,"Vải/giấy bọc khung kim loại, dây treo đen","Kem/be, hoạ tiết mực tàu đen","Đèn thả 2 tầng dáng oval xếp lệch, in tranh phong cảnh sông núi và thuyền chài kiểu thuỷ mặc, đế nối và dây treo màu đen.",product-japandi-lamp-05.png
PRD_JAP_024,Đèn thả hình trụ tròn lớn vẽ mai - mặt trời,Đèn,Japandi,3450000,70 x 20 cm,Vải bọc khung kim loại mảnh,"Kem/be, cam đỏ (mặt trời), hoạ tiết hoa mai","Đèn thả trần dạng trụ tròn dẹt lớn treo bằng dây kim loại chéo, in hoạ tiết mặt trời đỏ cam và cành mai đỏ trên nền kem, phù hợp treo cụm bàn dài.",product-japandi-lamp-06.png
PRD_JAP_025,Đèn thả 2 tầng viền gỗ óc chó vẽ tre,Đèn,Japandi,4200000,45 x 30 cm,"Viền/đế gỗ óc chó, chao vải bọc","Nâu gỗ óc chó, kem (vải), hoạ tiết tre đen","Đèn thả 2 tầng chao trụ tròn viền gỗ óc chó sang trọng, in hoạ tiết cây tre, đèn LED tròn hắt sáng ở đáy, phù hợp treo trên bàn ăn/bàn trà.",product-japandi-lamp-07.png
PRD_JAP_026,Đèn thả lồng giấy 2 bầu tròn vẽ sông núi,Đèn,Japandi,2950000,38 x 55 cm,"Giấy bọc khung, viền gỗ tối","Kem ngà, hoạ tiết mực tàu đen","Đèn thả trần dạng 2 bầu tròn (như lồng đèn) xếp chồng, in tranh phong cảnh sông núi và thuyền, viền nối giữa hai bầu màu gỗ tối.",product-japandi-lamp-08.png
PRD_JAP_027,"Tủ ngăn kéo thấp có kệ hở, chân sắt",Kệ tủ,Japandi,6500000,120 x 40 x 80 cm,"Gỗ công nghiệp vân nâu, chân/tay nắm kim loại đen","Nâu gỗ, đen (chân, tay nắm)","Tủ ngăn kéo thấp 4 ngăn kéo bên trái, bên phải để hở 2 tầng kệ, tay nắm và chân dạng chữ V bằng kim loại đen.",product-japandi-shelf-01.webp
PRD_JAP_028,Kệ sách đứng nhiều tầng có cửa trắng,Kệ tủ,Japandi,7800000,90 x 35 x 190 cm,"Gỗ công nghiệp vân sáng, cửa MDF sơn trắng","Vàng gỗ sáng, trắng (cửa tủ)","Kệ sách đứng cao nhiều ngăn hở không đều, có 1 cửa tủ sơn trắng và 2 ngăn kéo nhỏ phía dưới, chân gỗ xiên mảnh.",product-japandi-shelf-02.webp
PRD_JAP_029,Kệ trang trí khung sắt vàng + tủ trắng,Kệ tủ,Japandi,12500000,100 x 35 x 200 cm,"Khung kim loại mạ vàng, tủ gỗ sơn trắng, mặt đá","Trắng (tủ), vàng ánh kim (khung), đá xám","Kệ trưng bày khung sắt mảnh mạ vàng nhiều ô hở phía trên, phần dưới là tủ 2 cánh cửa sơn trắng có mặt đá, dùng trang trí phòng khách.",product-japandi-shelf-03.webp
PRD_JAP_030,Kệ module phối gỗ sáng và trắng dạng zíc zắc,Kệ tủ,Japandi,15800000,240 x 35 x 200 cm,Gỗ công nghiệp vân sáng và mặt sơn trắng,"Vàng gỗ sáng, trắng","Hệ kệ mở dạng các module xếp lệch zíc zắc, phối 2 tông màu gỗ sáng và trắng, nhiều ngăn kích thước khác nhau để sách/đồ trang trí.",product-japandi-shelf-04.webp
PRD_JAP_031,"Tủ giày cửa mây đan, có mặt bàn trên",Kệ tủ,Japandi,8900000,100 x 35 x 85 cm,"Gỗ tự nhiên, cửa đan mây (rattan cane)","Nâu gỗ cánh gián, be (mây đan)","Tủ giày 2 tầng cửa đóng mở dạng vòm đan mây, mặt trên dùng làm kệ trang trí (đèn bàn, sách, khung ảnh), có ngăn để giày hở phía dưới.",product-japandi-shoerack-01.webp
PRD_JAP_032,"Tủ giày 2 cánh mở, panel giữa đan mây oval",Kệ tủ,Japandi,7500000,90 x 33 x 80 cm,"Gỗ tự nhiên sáng màu, panel đan mây oval","Vàng gỗ sáng, be (mây đan)","Tủ giày 2 cánh cửa mở hai bên lộ ngăn để giày nhiều tầng, panel cố định ở giữa có ô đan mây hình oval, chân gỗ tròn thấp.",product-japandi-shoerack-02.webp
PRD_JAP_033,"Tủ giày mặt vân sóng gỗ, chân sắt đen",Kệ tủ,Japandi,6800000,100 x 30 x 80 cm,"Gỗ công nghiệp phay vân sóng, chân kim loại đen","Nâu gỗ trầm, đen (chân)","Tủ giày mặt cửa phay hoạ tiết vân sóng 3D nổi khối, có ngăn kéo ở giữa, chân kim loại đen mảnh, hở gầm để giày phía dưới.",product-japandi-shoerack-03.webp
PRD_JAP_034,"Sofa băng dài chân bi tròn gỗ, tay vịn cong",Bàn ghế,Japandi,24500000,220 x 75 x 70 cm,"Khung/chân gỗ tự nhiên, đệm bọc vải bố","Kem/be (đệm), vàng gỗ sáng (khung)","Sofa băng dài kiểu daybed, đế gỗ phẳng đặt trên các chân bi tròn gỗ lớn, một bên tay vịn gỗ bo cong, đệm ngồi và tựa rời màu kem.",product-japandi-sofa-01.webp
PRD_JAP_035,"Sofa văng khung gỗ hở, đệm be",Bàn ghế,Japandi,16800000,180 x 80 x 75 cm,"Khung gỗ tự nhiên hở, đệm bọc vải","Be/xám nhạt (đệm), nâu gỗ (khung)","Sofa văng 2-3 chỗ khung gỗ để lộ kết cấu, đệm ngồi và tựa lưng rời bọc vải màu be, dáng thấp đơn giản.",product-japandi-sofa-02.jpg
PRD_JAP_036,"Sofa 3 chỗ khung gỗ hở, đệm kem",Bàn ghế,Japandi,21500000,200 x 85 x 78 cm,"Khung gỗ óc chó tự nhiên, đệm bọc vải","Kem (đệm), nâu gỗ óc chó (khung)","Sofa 3 chỗ ngồi khung gỗ óc chó lộ kết cấu ở tay vịn và chân, đệm ngồi/tựa lưng rời bọc vải kem dày dặn.",product-japandi-sofa-03.jpg
PRD_JAP_037,"Bàn ăn oval mặt đá, chân mây đan chữ thập",Bàn ghế,Japandi,28500000,180 x 90 x 75 cm,"Mặt đá travertine, chân gỗ ốp mây đan","Kem đá (mặt bàn), nâu gỗ, be (mây đan)","Bàn ăn oval mặt đá travertine, 2 chân bàn dạng khối chữ thập ốp panel đan mây rattan, tạo điểm nhấn thủ công.",product-japandi-table-01.jpg
PRD_JAP_038,Bàn ăn/bàn trà oval gỗ sồi chân sọc,Bàn ghế,Japandi,12800000,150 x 80 x 75 cm,Gỗ sồi tự nhiên nguyên khối,Vàng gỗ sồi sáng,"Bàn mặt oval gỗ sồi sáng màu, 2 chân bàn dạng khối trụ dẹt có rãnh sọc dọc, mặt bàn chia 3 tấm ghép liền mạch.",product-japandi-table-02.webp
PRD_JAP_039,"Bàn ăn góc bo, chân gỗ tròn 4 chân",Bàn ghế,Japandi,9500000,120 x 75 x 75 cm,Gỗ tự nhiên phủ sơn sáng màu,"Trắng ngà (mặt bàn), vàng gỗ nhạt (chân)","Bàn ăn mặt chữ nhật bo góc mềm mại, 4 chân gỗ tròn thon, đi cùng đèn thả chao vải hình trụ màu be phía trên.",product-japandi-table-03.webp
PRD_JAP_040,Bàn ăn oval mặt đá travertine chân gỗ khối,Bàn ghế,Japandi,26800000,180 x 90 x 75 cm,"Mặt đá travertine, chân gỗ sồi nhuộm nâu","Kem đá (mặt bàn), nâu gỗ trầm (chân)","Bàn ăn oval mặt đá travertine dày, 2 chân bàn dạng khối gỗ chữ thập, phong cách tương tự bộ bàn ăn số 10/13 nhưng chân đơn giản hơn.",product-japandi-table-04.webp
PRD_JAP_041,Bàn trà tròn 3 chân gỗ vát,Bàn ghế,Japandi,7200000,90 x 35 cm,Gỗ sồi tự nhiên,Vàng gỗ sáng,"Bàn trà mặt tròn gỗ nguyên khối, 3 chân dạng khối vát hình thang chắc chắn, không chi tiết thừa, phù hợp phòng khách phong cách tối giản.",product-japandi-table-05.webp
PRD_JAP_042,Tủ quần áo module nhiều đơn nguyên (ngăn kéo + treo đồ + kệ),Kệ tủ,Japandi,32500000,300 x 60 x 240 cm,Gỗ công nghiệp phủ melamine vân gỗ sồi,Vàng gỗ sáng,"Tủ quần áo hệ module ghép nhiều đơn nguyên: một bên ngăn kéo kín nhiều tầng, hai bên khoang treo đồ có thanh treo và ngăn kéo dưới, một bên kệ hở nhiều tầng để phụ kiện/đồ gấp.",product-japandi-warbrode-01.jpg
PRD_JAP_043,Tủ quần áo áp trần cửa cánh gỗ nguyên khối,Kệ tủ,Japandi,24800000,280 x 60 x 260 cm,Gỗ tự nhiên/gỗ công nghiệp phủ veneer,Vàng gỗ sáng,"Tủ quần áo áp trần nhiều cánh cửa bản gỗ đồng màu, bố trí xen kẽ vài cánh hẹp hơn ở giữa và cụm ngăn kéo nổi, thiết kế liền mạch tối giản đường nét.",product-japandi-wardrobe-02.webp
PRD_JAP_044,Tủ quần áo cửa lùa phối trắng - gỗ có kệ góc,Kệ tủ,Japandi,19900000,220 x 60 x 240 cm,"Khung/viền gỗ công nghiệp, mặt cánh phủ melamine trắng","Trắng (cánh cửa), vàng gỗ sáng (khung)","Tủ quần áo cửa lùa 2 cánh trắng kết hợp cửa mở nhỏ có ngăn kéo, một bên có cụm kệ góc hở nhiều tầng để túi/hộp/đồ trang trí, viền khung gỗ sáng bo góc trên.",product-japandi-wardrobe-03.webp
PRD_JAP_045,Giường bệt gỗ sồi đầu giường bọc vải kênh dọc,Giường,Japandi,16900000,160 x 200 x 125 cm,"Khung/đế gỗ sồi tự nhiên nguyên khối, đầu giường bọc vải","Vàng nâu (gỗ sồi), be nhạt (vải đầu giường), trắng - be (ga, chăn)","Giường bệt (platform bed) đế gỗ sồi dạng khối dày, bệ đáy thu nhỏ tạo cảm giác giường 'lơ lửng' nhẹ trên sàn, đầu giường cao bọc vải chia múi kênh dọc mảnh, đi kèm ga gối trắng, chăn bọc be và khăn trải cuối giường màu be có tua rua ấm áp.",bed.png
PRD_JAP_046,Đèn thả lồng giấy hình cầu lớn,Đèn,Japandi,1650000,55 cm,"Giấy dó/giấy lụa bọc khung nan kim loại, dây điện bọc vải","Kem ngà (giấy), đen (dây treo)","Đèn thả trần dạng lồng giấy hình cầu tròn lớn kiểu Nhật Bản, các nan khung chia đều tạo đường gân dọc trên mặt chao, ánh sáng vàng ấm hắt qua lớp giấy mỏng, dây treo đen đơn giản, phù hợp treo đơn lẻ trên đầu giường hoặc phối cụm nhiều kích cỡ.",lamp.png
PRD_JAP_047,Táp đầu giường gỗ óc chó chân tiện mid-century,Kệ tủ,Japandi,4500000,90 x 45 x 55 cm,Gỗ óc chó (walnut) tự nhiên,Nâu gỗ óc chó,"Táp đầu giường gỗ óc chó 1 ngăn kéo có tay cầm khoét âm liền mặt tủ, phía dưới để hở 1 tầng kệ tiện dụng, 4 chân gỗ tiện thon xoè kiểu mid-century, vân gỗ tự nhiên nổi rõ, phù hợp đặt hai bên giường trong phòng ngủ Japandi.",shelf.png
PRD_JAP_048,Bộ bàn ăn gỗ sồi bo góc + 4 ghế Wishbone dây đan,Bàn ghế,Japandi,14500000,160 x 90 x 75 cm,"Gỗ sồi tự nhiên, ghế đan dây giấy (paper cord)","Vàng gỗ sồi sáng, be (dây đan ghế)","Bộ bàn ăn hình chữ nhật bo góc mềm mại mặt gỗ sồi sáng màu, 4 chân bàn thon tròn kiểu Scandinavian; đi kèm 4 ghế ăn dáng Wishbone lưng cong nhẹ, mặt ghế đan dây giấy màu be, chân ghế thon có thanh giằng, tổng thể tối giản ấm áp đúng tinh thần Japandi.",diningtableset.png
PRD_JAP_049,Đèn thả lồng giấy hình cầu lớn,Đèn,Japandi,1650000,55 cm,"Giấy dó/giấy lụa bọc khung nan kim loại, dây điện bọc vải","Kem ngà (giấy), đen (dây treo)","Đèn thả trần dạng lồng giấy hình cầu tròn lớn kiểu Nhật Bản, các nan khung chia đều tạo đường gân dọc trên mặt chao, ánh sáng vàng ấm hắt qua lớp giấy mỏng, dây treo đen đơn giản, treo cao phía trên bàn ăn làm điểm nhấn trung tâm khu bếp/phòng ăn.",lamp.png
PRD_JAP_050,Bàn trà gỗ sồi tái chế khối dày,Bàn ghế,Japandi,9500000,140 x 70 x 25 cm,Gỗ sồi tái chế nguyên khối (reclaimed oak),"Nâu gỗ mộc, vân gỗ tự nhiên nổi rõ","Bàn trà mặt gỗ sồi tái chế nguyên khối dày dặn, giữ nguyên vân gỗ thô mộc và vết nứt tự nhiên trên bề mặt, 4 chân khối vuông chắc chắn, dáng thấp hiện đại phù hợp phòng khách Japandi tối giản.",table.png
PRD_JAP_051,Sofa băng gỗ mộc đệm kem kiểu daybed,Bàn ghế,Japandi,19500000,200 x 90 x 70 cm,"Khung gỗ sồi mộc để lộ vân, đệm bọc vải linen","Nâu gỗ mộc (khung), kem/trắng ngà (đệm)","Sofa băng dài kiểu daybed khung gỗ sồi mộc lộ thớ vân tự nhiên ở lưng tựa và chân đế khối vuông, đệm ngồi dày cùng 3 gối tựa rời bọc vải linen màu kem, thiết kế thấp đơn giản đúng tinh thần Japandi mộc mạc.",sofa.png
PRD_JAP_052,Đèn cây chao lồng giấy thân gỗ,Đèn,Japandi,2850000,45 x 150 cm,"Giấy bọc khung kim loại (chao đèn), thân và đế gỗ tự nhiên","Kem ngà (chao giấy), nâu gỗ (thân, đế)","Đèn cây (floor lamp) chao lồng giấy hình cầu xuyên qua thân đèn gỗ thẳng đứng, đế đèn dạng khối trụ gỗ tự nhiên nặng chắc, ánh sáng vàng ấm dịu nhẹ, thiết kế tối giản mộc mạc phù hợp góc phòng khách hoặc cạnh sofa.",lamp.png
PRD_MIN_001,Sofa Module 2 Chỗ Taupe – Gối Ôm Rời,Bàn ghế,Minimalist,12500000,230 x 100 x 85 cm,"Vải linen,cotton pha, khung gỗ công nghiệp bọc đệm",Taupe,"Sofa 2 khối module, tay vịn vuông thấp, đệm lưng cao êm ái kèm 2 gối ôm rời cùng tông. Phù hợp không gian tối giản hoặc hiện đại.",Link
PRD_MIN_002,Sofa Module 3 Khối Bo Góc – Ghi Xám,Bàn ghế,Minimalist,13458000,320 x 90 x 70 cm,"Vải bố dệt, khung gỗ công nghiệp, chân đế liền khối",Ghi xám,"Sofa 3 khối rời liên kết, không tay vịn ở giữa, hai đầu bo tròn. Đệm ngồi thấp và rộng, phù hợp không gian mở.",IMG_8513.PNG
PRD_MIN_003, Kệ TV Treo Tường 3 Cánh – Xám Đậm,Kệ tủ,Minimalist,4590000,180 x 40 x 45 cm,"Gỗ công nghiệp phủ melamine, bản lề giảm chấn",Xám đậm (Anthracite),"Kệ TV treo tường 3 cánh cửa phẳng, thiết kế module có thể lắp ghép.",IMG_8539.JPG
PRD_MIN_004,Kệ TV Treo Tường Bo Góc – Be Sáng,Kệ tủ,Minimalist,6200000,200 x 38 x 35 cm,Gỗ công nghiệp phủ sơn mờ (matte lacquer),Be sáng (Greige),"Kệ TV liền khối 4 cánh, các góc bo tròn mềm mại, chân đế ẩn tạo cảm giác lơ lửng.",IMG_8540.JPG
PRD_MIN_005,Bàn Trà Vuông Khối Gỗ – Rãnh Dọc Đen,Bàn ghế,Minimalist,8900000,90 x 90 x 32 cm,"Gỗ sồi nhuộm đen, bề mặt rãnh dọc",Đen,"Bàn trà khối vuông dáng nặng, mặt bàn phẳng đặt trên đế thụt vào tạo hiệu ứng nổi, các cạnh bên phay rãnh dọc.",IMG_8535.JPG
PRD_MIN_006,Bàn Trà Khối Chữ Nhật – Vân Gỗ Nâu Chân Đen,Bàn ghế,Minimalist,11500000,140 x 70 x 25 cm,"Gỗ vân nâu đậm, chân kim loại sơn đen","Nâu vân gỗ, chân đen","Bàn trà mặt khối dày dáng thấp, vân gỗ tự nhiên nổi bật, hai chân khối vuông đặt lệch vào trong.",IMG_8537.JPG
PRD_MIN_007,Bàn Trà Oval Mặt Đen – Chân Bo Góc,Bàn ghế,Minimalist,6800000,130 x 65 x 35 cm,Gỗ công nghiệp phủ sơn mờ đen,Đen,"Bàn trà mặt oval mỏng, hai chân dáng cong bo góc mềm mại.",IMG_8534.JPG
PRD_MIN_008,Bàn Ăn Mặt Bầu Dục – Chân Trụ Đen,Bàn ghế,Minimalist,18500000,230 x 110 x74 cm,Gỗ sồi nhuộm đen nguyên khối,Đen,"Bàn ăn mặt bầu dục bo tròn hai đầu, hệ chân bất đối xứng gồm hai trụ tròn mảnh một bên và một khối trụ lớn bên còn lại.",IMG_8517.JPG
PRD_MIN_009,Bàn Ăn Chữ Nhật Đen – Chân Ván Phẳng,Bàn ghế,Minimalist,13200000,180 x 90 x 75 cm,Gỗ công nghiệp phủ sơn đen mờ,Đen,"Bàn ăn mặt phẳng đơn giản, hai chân dạng tấm ván phẳng chạy dọc thay vì chân trụ, thiết kế tối giản triệt để.",IMG_8523.JPG
PRD_MIN_010,àn Ăn Chữ Nhật Vân Gỗ Nâu – Chân Khối,Bàn ghế,Minimalist,15900000,200 x 95 x 75 cm,Gỗ vân nâu đậm tự nhiên,Nâu vân gỗ,"Bàn ăn mặt chữ nhật dày dặn, bốn chân dạng khối phẳng đặt chéo góc, vân gỗ mộc mạc làm chủ đạo.",IMG_8519.JPG
PRD_MIN_011,Ghế Ăn Bọc Vải Boucle – Chân Gỗ Nâu,Bàn ghế,Minimalist,2890000,55 x  55 x 75 cm,"Vải boucle bọc, chân và khung gỗ sồi nhuộm nâu đậm",Kem/Nâu,"Ghế ăn tựa lưng cong bo tròn, đệm ngồi và lưng bọc vải boucle êm ái, chân gỗ thon mảnh với điểm nhấn nút tròn.",https://drive.google.com/file/d/1IW1YV3j8D1vSn_6qgM9wrx6hrWAWTdTO/view?usp=share_link
PRD_MIN_012,Ghế Ăn Bọc Nhung – Chân Đen,Bàn ghế,Minimalist,3150000,53 x 53 x 76 cm,"Vải nhung bọc, khung và chân gỗ sơn đen",Be xám/Đen,"Ghế ăn dáng lưng cong bo tròn, bọc vải nhung mềm mịn, toàn bộ khung chân sơn đen tạo tương phản.",IMG_8528.JPG
PRD_MIN_013,Ghế Đôn Yên Ngựa Gỗ Đen,Bàn ghế,Minimalist,1950000,48 x 23 x 66 cm,Gỗ nguyên khối sơn đen hiệu ứng cũ (distressed),Đen,"Ghế đôn không tựa lưng, mặt ngồi cong dáng yên ngựa, bốn chân gỗ đơn giản có thanh giằng ngang.",IMG_8522.JPG
PRD_MIN_014,Ghế Đôn Chân Choãi Gỗ Nâu,Bàn ghế,Minimalist,2100000,42 x 32 x 66 cm,Gỗ nguyên khối nhuộm nâu walnut,Nâu,"Ghế đôn mặt ngồi cong theo hình dáng cơ thể, ba chân choãi thanh mảnh có thanh giằng, đường nét mềm mại kiểu mid-century.",IMG_8521.JPG
PRD_MIN_015,Tủ Bếp Kịch Trần Vân Gỗ Nâu Nhạt,Kệ tủ,Minimalist,45000000,300 x 60 x 240 cm,"Gỗ công nghiệp phủ melamine vân gỗ, mặt đá nhân tạo, vòi rửa và bếp âm tông đen",Nâu gỗ nhạt,"Hệ tủ bếp chữ I kịch trần, mặt cánh tủ phẳng không tay nắm, đèn LED hắt dưới tủ trên tạo chiều sâu.",IMG_8550.JPG
PRD_MIN_016,Tủ Bếp Nâu Xám – Tủ Lạnh Âm Tường,Kệ tủ,Minimalist,52000000,280 x 60 x 230 cm,"Gỗ công nghiệp phủ melamine mờ, mặt đá đen, thiết bị âm tủ",Nâu xám (Taupe),"Hệ tủ bếp góc L, tích hợp tủ lạnh và lò nướng âm tường liền khối với hệ tủ, cánh tủ phẳng không tay nắm.",IMG_8551.JPG
PRD_MIN_017,Tủ Bếp Đen Nhám – Đảo Bếp Mini,Kệ tủ,Minimalist,48500000,260 x 60 x 220 cm,"Gỗ công nghiệp phủ sơn nhám (matte), mặt đá xám nhạt, vòi rửa và bếp âm tông đen",Đen nhám,"Hệ tủ bếp tông đen toàn bộ, mặt bàn đá sáng tạo tương phản, đèn LED âm tủ trên, phong cách tối giản đậm chất kiến trúc.",IMG_8552.JPG
PRD_MIN_018,Giường Bọc Vải Đầu Giường Đôi – Ghi Sáng,Giường ,Minimalist,14900000,180 x 210 x 110 cm,"Vải bố bọc toàn thân, khung gỗ công nghiệp",Ghi sáng,"Giường bọc nệm toàn thân, đầu giường chia hai tấm vuông vắn không họa tiết, chân giường ẩn tạo cảm giác gọn gàng.",IMG_8490.JPG
PRD_MIN_019, Giường Bọc Vải Đầu Giường Nghiêng – Ghi Nhạt,Giường ,Minimalist,15800000,180 x 210 x 100 cm,"Vải bố bọc toàn thân, khung gỗ công nghiệp",Ghi nhạt,"Giường bọc nệm với đầu giường nghiêng nhẹ ra sau tạo điểm tựa thoải mái, đường nét mềm mại hơn kiểu đầu giường thẳng đứng.",IMG_8484.JPG
PRD_MIN_020,Giường Bọc Da Đầu Giường Đôi – Nâu Caramel,Giường,Minimalist,19200000,180 x 210 x 110 cm,"Da công nghiệp (PU leather) bọc toàn thân, khung gỗ công nghiệp",Nâu caramel,"Giường bọc da dáng đầu giường chia hai tấm bo góc nhẹ, phần thân giường màu sáng hơn đầu giường tạo hiệu ứng hai tông.",IMG_8483.JPG
PRD_MIN_021,Thảm Trải Sàn Lông Ngắn – Be Kem,Thảm,Minimalist,2450000,160 x 230 cm,"Sợi viscose,polyester pha, lông ngắn mềm mịn",Be kem,"Thảm trơn không họa tiết, bề mặt lông ngắn tạo độ bóng nhẹ theo góc nhìn. Dùng trải phòng khách hoặc phòng ngủ.",IMG_8546.JPG
PRD_MIN_022,Bàn Trà Mặt Tròn Kim Loại – Chân Que Đen,Bàn ghế,Minimalist,4700000,90 x 30 cm,"Mặt kim loại sơn tĩnh điện đen, chân thép mảnh",Đen,"Bàn trà mặt tròn mỏng bằng kim loại, bốn chân que thép mảnh chéo góc tạo cảm giác nhẹ và thanh thoát.",IMG_8545.JPG
PRD_MIN_023,Sofa Module Boucle 3 Chỗ – Be,Bàn ghế,Minimalist,12900000,280 x 95 x 75 cm,"Vải boucle bọc, khung gỗ, chân gỗ tự nhiên",Be/Kem,"Sofa 3 khối rời, tay vịn vuông vức, đệm lưng cao, kèm gối tựa rời cùng tông.",IMG_8510.JPG
PRD_MIN_024,Đèn Rọi Trần Xoay Đơn – Đen,Đèn,Minimalist,350000,"12cm, đường kính đế 10cm",Hợp kim nhôm sơn tĩnh điện đen,Đen,"Đèn rọi gắn trần dạng ống trụ, khớp xoay điều chỉnh hướng chiếu sáng. Phù hợp chiếu điểm cho khu vực đọc sách hoặc trưng bày.",IMG_8548.JPG
PRD_MIN_025,Bàn Ăn Chữ Nhật Chân Ván Kép – Đen,Bàn ghế,Minimalist,17800000,220 x 100 x 75 cm,Gỗ sồi nhuộm đen nguyên khối,Đen,"Bàn ăn mặt dày dặn, hai chân dạng tấm ván ghép đôi tạo độ vững chãi, đường nét thẳng và tối giản.",IMG_8525.JPG
PRD_MIN_026,Ghế Ăn Bọc Nhung Xám – Lưng Cong Chân Đen,Bàn ghế,Minimalist,3350000,52 x 54 x 75 cm,"Vải nhung bọc, khung và chân gỗ sơn đen",Xám/Đen,"Ghế ăn tựa lưng cong hở phần khung gỗ tạo điểm nhấn thiết kế, đệm ngồi và lưng bọc nhung êm ái.",IMG_8527.JPG
PRD_MIN_027,Đèn Rọi Trần Thanh Ngang 6 Bóng – Đen,Đèn,Minimalist,1250000,"Dài thanh 150cm, 6 đầu đèn xoay",Hợp kim nhôm sơn tĩnh điện đen,Đen,"Đèn rọi trần dạng thanh dài gắn 6 đầu đèn hình trụ có thể xoay hướng độc lập. Phù hợp chiếu sáng khu vực bếp, bàn ăn hoặc quầy đảo.",IMG_8500.JPG
PRD_MIN_028,Ghế Đôn Bar Chân Choãi Gỗ Đen,Bàn ghế,Minimalist,2250000,42 x 32 x 66 cm,Gỗ nguyên khối nhuộm đen,Đen,"Ghế đôn mặt ngồi cong theo hình dáng cơ thể, bốn chân choãi thanh mảnh có thanh giằng ngang.",IMG_8499.JPG
PRD_MIN_029,Giường Bọc Vải Đầu Giường Thấp – Trắng Xám,Giường,Minimalist,13800000,180 x 210 x 40 cm,"Vải bố bọc toàn thân, khung gỗ công nghiệp",Trắng xám,"Giường bọc nệm với đầu giường thấp gần như liền mặt thân giường, thiết kế phẳng tối giản gần như không có điểm nhấn trang trí.",IMG_8488.JPG
PRD_MIN_030,Tủ Áo Kịch Trần 4 Cánh – Nâu Be,Kệ tủ,Minimalist,22500000,240 x 60 x 280 cm,"Gỗ công nghiệp phủ melamine, tay nắm âm",Nâu be,"Tủ áo kịch trần 4 cánh cửa phẳng, đường phân cánh mảnh tạo nhịp điệu đơn giản, không tay nắm nổi, đèn LED âm trần dẫn hướng.",IMG_8555.JPG
PRD_MOD_001,Kệ tivi trắng bóng 2 cánh khe mở giữa,Kệ tủ,Modern,6800000,180 x 40 x 40 cm,"MDF phủ acrylic bóng, bản lề giảm chấn",Trắng bóng,"Kệ tivi thấp mặt acrylic trắng bóng, hai cánh đẩy ẩn hai bên và khoang mở giữa có kệ. Thiết kế handleless tối giản, phù hợp tivi treo tường 55–75 inch. Dễ lau, phản sáng nhẹ, hợp phòng khách hiện đại.",product-modern-ke-tv-phong-gan-tuong-02.jpg
PRD_MOD_002,Thảm hình học bốn ô sọc Balos,Thảm,Modern,5600000,160 x 230 cm,"Len, viscose dệt tay",Xám  kem,"Thảm dệt họa tiết bốn ô vuông, sọc dọc và ngang xen kẽ tạo nhịp kiến trúc. Tông xám–kem trung tính, pile thấp, phù hợp phòng ngủ hoặc phòng khách hiện đại. Bề mặt mềm, ít xù, dễ phối giường và sofa.",product-modern-tham-giuong.jpg
PRD_MOD_003,Đèn thả trụ ống A-Tube đen,Đèn,Modern,2600000,8 x 25 cm,"Nhôm sơn tĩnh điện, dây vải",Đen mờ,"Đèn thả ống trụ tối giản, ánh sáng chiếu xuống tập trung kiểu spotlight. Thân nhôm sơn đen mờ, dây treo mảnh. Phù hợp đầu giường, bàn bar hoặc cụm 2–3 bóng. Cảm hứng Lodes A-Tube, dễ lắp E27/GU10.",product-modern-den-ngu.jpg
PRD_MOD_004,Giường bọc nệm Quilted Corner King,Giường,Modern,28500000,200 x 180 x 120 cm,"Khung gỗ, nệm mút, vải, da microfiber","Beige , kem","Giường king bọc nệm toàn khối, đầu giường rộng mềm. Góc đầu giường và chân giường nhấn miếng quilted dạng trám kiểu Ý. Phù hợp phòng ngủ luxury hiện đại. Giá gia công thị trường Việt Nam cho size 1m8, chưa gồm nệm ngủ.",product-modern-giuong.jpg
PRD_MOD_005,Bàn làm việc treo tường Oak Float,Bàn ghế,Modern,13800000,160 x 50 x 75 cm,"Gỗ sồi, MDF veneer sồi, kim loại sơn đen","Sồi tự nhiên , đen","Bàn làm việc dạng bán treo: mặt đen tối giản, hai ngăn kéo veneer sồi, chân sắt thanh mảnh. Kèm module hộc treo tường bên phải. Thiết kế gia công theo render nội thất, phù hợp phòng làm việc tối giản. Giá thị trường xưởng VN, chưa gồm ghế.",product-modern-ban-lam-viec.jpg
PRD_MOD_006,Tủ đầu giường treo tường Walnut,Kệ tủ,Modern,3400000,50 x 35 x 20 cm,Gỗ công nghiệp phủ veneer óc chó,Nâu óc chó,"Tủ đầu giường một ngăn kéo, lắp nổi tường kiểu floating. Mặt veneer óc chó, không tay nắm (push-open). Tiết kiệm diện tích, phù hợp giường thấp hiện đại. Tải khoảng 8–10 kg, cần bắt vít tường chắc.",product-modern-ke-canh-giuong.jpg
PRD_MOD_007,Kệ sách treo tường nan gỗ staggered,Kệ tủ,Modern,4800000,240 x 20 x 120 cm,"Gỗ óc chó, MDF veneer walnut",Nâu đậm,"Bộ kệ treo tường 5 tầng lệch tầng, mặt gỗ tối màu. Dùng trưng sách, bình gốm, khung ảnh. Phong cách gallery hiện đại, tạo nhịp ngang trên tường trống. Giá bộ 5 tấm, đã gồm pát ẩn. Tải ~8 kg/tầng.",product-modern-ke-sach.jpg
PRD_MOD_008,Bộ đèn thả Cement Mesh 6 kiểu,Đèn,Modern,12800000,25 x 35 cm,"Bê tông, lưới sắt đục lỗ, dây vải","Xám bê tông , đen","Bộ 6 đèn thả công nghiệp: chụp lưới kim loại nhiều dáng (ống, chuông, đĩa, nón) kết đế bê tông xám. Bóng Edison ấm xuyên lưới tạo bóng đổ. Phù hợp bàn ăn, bếp đảo, loft. Giá bộ 6 bóng, bóng E27 bán riêng. Tham chiếu dòng Vakkerlight Cement Mesh.",product-modern-den-treo.jpg
PRD_MOD_009,Bàn ăn oval chân sọc fluted đen,Bàn ghế,Modern,14500000,180 x 90 x 76 cm,"Gỗ sồi, MDF veneer sồi sơn đen",Đen,"Bàn ăn mặt oval bo tròn, hai chân trụ nan dọc (fluted) đặc trưng. Ngồi 6 người. Sơn đen mờ, vân gỗ lộ nhẹ. Phối đẹp với ghế Wishbone hoặc ghế mây. Phân khúc gỗ sồi / veneer cao cấp thị trường VN; bản MFC nhập ~8–10 triệu.",product-modern-ban-an.jpg
PRD_MOD_010,Ghế Wishbone CH24 đen mặt đan,Bàn ghế,Modern,2200000,55 x 54 x 75 cm,"Gỗ tần bì sơn, dây giấy đan (paper cord)","Đen , be","Ghế Y / Wishbone cảm hứng Hans J. Wegner 1949: tựa Y, tay liền lưng uốn hơi nước, mặt ngồi đan giấy tự nhiên. Bản sơn đen, replica thị trường VN. Bản gốc Carl Hansen & Søn khoảng 22–28 triệu. Phù hợp bàn ăn hiện đại, cafe.",product-modern-ghe-ban-an.jpg
PRD_MOD_011,Đèn bàn đế mây đan trắng,Đèn,Modern,1250000,30 x 52 cm ,"Mây, dây giấy sơn, chụp vải linen","Trắng , kem","Đèn bàn đế bầu đan mây sơn trắng, chụp drum vải linen. Ánh sáng dịu, phù hợp tab đầu giường, console hoặc góc đọc. Phong cách hiện đại pha coastal. Đui E27, công suất tối đa 40–60W.",product-modern-den-trang-tri.jpg
PRD_MOD_012,Bình gốm trắng Moon Jar,Phụ kiện,Modern,890000,28 x 42 cm ,"Gốm men matt, nung thủ công",Trắng ngà,"Bình gốm dáng bầu thon, men trắng ngà hơi rạn nhẹ kiểu Moon Jar. Đặt sàn hoặc bàn console, cắm cành khô / hoa. Tông trung tính, dễ phối nội thất hiện đại, Japandi. Bản gốm xưởng VN; bản gốm nghệ thuật Hàn cao hơn rõ.",product-modern-chau-hoa.jpg
PRD_MOD_013,Tủ kệ thấp nan dọc đen,Kệ tủ,Modern,9200000,180 x 40 x 38 cm,"MDF sơn, veneer sơn đen, đế bệt",Đen,"Tủ thấp / kệ tivi mặt nan dọc (reeded) liên tục, không tay nắm, đế bệt thụt vào. Dáng dài thấp, tối giản kiến trúc. Dùng làm kệ tivi hoặc sideboard. Bản sơn PU xưởng VN; dòng nhập kiểu Teulat / Kave Home khoảng 18–25 triệu.",product-modern-ke-tu.jpg
PRD_MOD_014,Kệ đĩa than Stack Oak chân hairpin,Kệ tủ,Modern,6500000,80 x 40 x 72 cm,"Gỗ sồi, thép sơn đen",Sồi tự nhiên,"Hai khối hộp gỗ sồi xếp chồng, chân hairpin thép. Tầng trên để mâm than / ampli, tầng dưới chứa 80–120 LP. Thiết kế mid-century hiện đại. Giá xưởng gỗ sồi VN; bản solid oak UK (Urban Editions Stack) khoảng 25–40 triệu.",product-modern-ke-sach-trang-tri.jpg
PRD_MOD_015,Tủ tivi âm tường Comfort (gia công),Kệ tủ,Modern,52000000,360 x 45 x 260 cm,"MDF sơn 2K, nan CNC, LED ẩn, kính","Xanh olive , than","Vách tivi gia công full tường: cửa trượt hai bên, phông nan dọc, LED gián tiếp trên–dưới, kệ thấp liền khối. Màu sơn olive đậm. Giá tham khảo thi công nội thất VN (MDF sơn 2K, khoảng 8–12 triệu/m² mặt dựng). Chưa gồm tivi và rèm.",product-modern-ke-tv.jpg
PRD_MOD_016,Đèn sàn công nghiệp khớp nối,Đèn,Modern,5500000,25 x 150 cm ,"Thép, nhôm sơn, khớp ma sát",Đen,"Đèn cây tay gập công nghiệp, chụp nón kim loại, khớp chỉnh hướng. Ánh sáng đọc sách / task lighting. Cảm hứng Anglepoise / Jieldé / Lampe Gras. Bản chất lượng tốt thị trường VN; bản gốc Anglepoise Type 75 Floor khoảng 9–12 triệu.",product-modern-den-phong.jpg
PRD_MOD_017,Thảm len sọc gân xám,Thảm,Modern,3400000,160 x 230 cm,"Len, polypropylene dệt máy",Xám đậm,"Thảm trải sàn dệt gân sọc mảnh, pile thấp, màu xám than. Bề mặt chắc, hợp lối đi và phòng khách hiện đại. Dễ hút bụi, ít xù. Bản dệt máy thị trường VN; bản len 100% nhập cao hơn khoảng 6–9 triệu cùng size.",product-modern-tham-san.jpg
PRD_MOD_018,Bàn trà tròn chân khối Offset,Bàn ghế,Modern,7.200.000đ,90 x 35 cm ,"Gỗ sồi, MDF veneer sồi sơn",Xám gỗ,"Bàn trà mặt tròn thấp, hai chân khối chữ nhật đặt lệch hai bên. Dáng kiến trúc, chắc chắn. Sơn xám gỗ, phù hợp sofa thấp hiện đại. Giá gia công / xưởng VN mặt gỗ. Size D90 cho phòng khách vừa.",product-modern-ban-trang-tri.jpg
PRD_MOD_019,Sofa văng thấp Modular Grey,Bàn ghế,Modern,22.000.000đ,240 x 95 x 70 cm,"Khung gỗ, mút D40, vải nỉ , linen",Xám,"Sofa văng dáng thấp, tựa liền đệm, hai gối vuông rời. Tay mỏng, chân ẩn. Cảm hứng sofa Ý / visualization Rushan Studio. Phân khúc trung–cao xưởng VN, vải nỉ nhập. Bản designer Ý (Minotti / Flexform) từ 80 triệu trở lên.",product-modern-sofa-01.jpg
PRD_MOD_020,Sofa vải tweed tay hộp,Bàn ghế,Modern,24.500.000đ,220 x 95 x 72 cm,"Khung gỗ, mút cao cấp, vải tweed , bouclé",Xám muối tiêu,"Sofa hiện đại tay hộp dày, gối tựa lớn, chân kim loại mảnh. Vải tweed muối tiêu, bề mặt giàu texture. Phong cách Ý (Minotti / B&B Italia inspired). Giá xưởng VN vải nhập; bản gốc Ý thường 120–250 triệu.",product-modern-sofa-02.jpg
PRD_MOD_021,Rèm vải cản sáng xám đen,Rèm,Modern,1.450.000đ,250 x 150 cm,"Polyester, vải bố, cản sáng ~85–90%","Xám đen , charcoal","Rèm vải trơn màu charcoal, may ô tun (rod pocket) trên thanh treo. Drap đứng, tông tối hiện đại. Cản sáng tốt cho phòng khách / phòng ngủ. Giá 1 tấm may đo khổ cửa ~1,5 m; bộ 2 lớp (vải + voan) khoảng 2,2–2,8 triệu.",product-modern-rem.jpg
PRD_SCA_001,Bàn trà Ava Collins Semi Outdoor,Bàn ghế,Scandinavian,8500000,120 x 60 x 40 cm,"Gỗ teak, kim loại",Natural,"Bàn trà bán ngoài trời phong cách Scandinavian, mặt gỗ tự nhiên ấm áp. Khung kim loại mảnh, phù hợp ban công hoặc phòng khách. Thiết kế tối giản, dễ phối với sofa và thảm trung tính.",product-scandinavian-ava-collins-semi-outdoor-coffee-table-big-01.jpg
PRD_SCA_002,Đèn thả Audo Copenhagen TR Bulb,Đèn,Scandinavian,5200000,20 x 25 cm,"Nhựa, kim loại",Trắng/Đen,"Đèn thả trần tối giản với bóng tròn mờ, ánh sáng dịu. Phù hợp không gian bếp, bàn ăn hoặc góc đọc sách. Thiết kế Bắc Âu hiện đại, dễ lắp đặt.",product-scandinavian-audo-copenhagen-tr-bulb-01.jpg
PRD_SCA_003,Khay tròn Medium Off White,Phụ kiện,Scandinavian,450000,35 x 5 cm,"Gỗ sồi, sơn trắng",Off-white,"Khay tròn màu trắng ngà, bề mặt mịn, viền bo nhẹ. Dùng để đựng cốc, nến hoặc đồ trang trí trên bàn trà. Phong cách Scandinavian thanh lịch, dễ phối.",product-scandinavian-round-medium-tray-off-white-01.jpg
PRD_SCA_004,Vỏ gối tựa lưng canvas Scandivi,Gối,Scandinavian,250000,45 x 45 cm,Canvas,Beige,"Vỏ gối tựa lưng chất liệu canvas dày dặn, màu be ấm. Phù hợp sofa, giường hoặc ghế đọc sách. Thiết kế tối giản, dễ giặt và thay đổi theo mùa.",product-scandinavian-canvas-lumbar-pillow-cover-01.jpg
PRD_SCA_005,Ghế Thonet 18,Bàn ghế,Scandinavian,1200000,45 x 52 x 82 cm,"Gỗ sồi, mây",Natural,"Ghế Thonet 18 kinh điển với lưng cong và mặt mây thoáng. Phù hợp bàn ăn, quầy bar hoặc góc làm việc. Mang lại nét cổ điển nhẹ nhàng cho không gian Bắc Âu.",product-scandinavian-thonet-18-chair-01.jpg
PRD_SCA_006,Sofa Amelia K0111,Bàn ghế,Scandinavian,12900000,220 x 95 x 75 cm,"Vải linen, gỗ sồi",Beige,"Sofa Amelia dáng dài, đệm êm, bọc vải linen màu be. Chân gỗ sồi thấp tạo cảm giác ấm cúng. Phù hợp phòng khách Scandinavian tối giản.",product-scandinavian-amelia-sofa-k0111-01.jpg
PRD_SCA_007,Đôn/ghế đôn,Bàn ghế,Scandinavian,1500000,40 x 40 x 45 cm,"Vải bố, gỗ",Beige,"Đôn nhỏ gọn dùng làm ghế phụ hoặc để chân. Bọc vải bố trung tính, chân gỗ tự nhiên. Dễ kết hợp với sofa và bàn trà.",product-scandinavian-don-01.jpg
PRD_SCA_008,Thảm Flokka Rug S,Thảm,Scandinavian,2800000,120 x 180 cm,"Len, cotton",Beige,"Thảm Flokka dệt len mềm, bề mặt hơi gồ ghề tự nhiên. Màu be trung tính, phù hợp phòng khách hoặc phòng ngủ. Mang lại cảm giác ấm áp kiểu Bắc Âu.",product-scandinavian-flokka-rug-s-01.jpg
PRD_SCA_009,Gối trang trí nâu CS235E01,Gối,Scandinavian,350000,45 x 45 cm,Cotton,Nâu,"Gối trang trí màu nâu nhạt, chất cotton mềm. Tạo điểm nhấn ấm cho sofa hoặc ghế. Phù hợp phong cách Scandinavian, Japandi.",product-scandinavian-brown-decor-pillow-cs235e01-01.jpg
PRD_SCA_010,Sofa gỗ SFG61,Bàn ghế,Scandinavian,15500000,180 x 85 x 75 cm,"Gỗ sồi, vải",Natural,"Sofa gỗ SFG61 khung gỗ sồi chắc chắn, đệm vải màu trung tính. Thiết kế tối giản, đường nét sạch. Phù hợp không gian sống Bắc Âu ấm cúng.",product-scandinavian-wooden-sofa-sfg61-01.jpg
PRD_SCA_011,Tủ trưng bày Belgian Industrial,Kệ tủ,Scandinavian,45000000,120 x 50 x 180 cm,"Gỗ, kim loại",Nâu gỗ,"Tủ trưng bày gỗ công nghiệp Bỉ, kết hợp chân kim loại. Kiểu dáng industrial nhẹ, phù hợp phòng khách hoặc phòng ăn. Có cửa kính để trưng bày đồ decor.",product-scandinavian-belgian-industrial-wooden-vitrine-01.jpg
PRD_SCA_012,Đèn thả vải Grace,Đèn,Scandinavian,3200000,40 x 30 cm,"Vải, kim loại",Kem,"Đèn thả chụp vải màu kem, ánh sáng ấm. Phù hợp bàn ăn, phòng ngủ hoặc góc thư giãn. Thiết kế mềm mại, thanh lịch.",product-scandinavian-grace-pendant-01.jpg
PRD_SCA_013,Đèn sàn Artemide Tolomeo Mega,Đèn,Scandinavian,9800000,120 x 180 cm,"Nhôm, thép",Bạc,"Đèn sàn Tolomeo Mega với tay đèn linh hoạt, chụp nhôm. Ánh sáng tập trung, phù hợp đọc sách. Thiết kế công nghiệp nhẹ, dễ điều chỉnh.",product-scandinavian-artemide-tolomeo-mega-floor-lamp-01.jpg
PRD_SCA_014,Bàn nhỏ TPZ02411026,Bàn ghế,Scandinavian,2100000,50 x 50 x 55 cm,Gỗ sồi,Natural,"Bàn nhỏ gỗ sồi, mặt bo tròn nhẹ. Dùng làm bàn cạnh sofa hoặc bàn đầu giường. Phong cách tối giản, ấm áp.",product-scandinavian-side-table-tpz02411026-01.jpg
PRD_SCA_015,Ghế thư giãn XDaily CH25,Bàn ghế,Scandinavian,2900000,65 x 70 x 75 cm,"Gỗ, vải",Beige,"Ghế armchair CH25 dáng thấp, đệm vải êm. Khung gỗ tự nhiên, phù hợp góc đọc sách. Thiết kế Bắc Âu hiện đại, dễ phối.",product-scandinavian-xdaily-ch25-arm-chair-01.jpg
PRD_SCA_016,Bàn trà gỗ sồi TB195 Bevel,Bàn ghế,Scandinavian,7500000,120 x 60 x 40 cm,Gỗ sồi,Light Oak,"Bàn trà TB195 mặt sồi sáng, cạnh vát nhẹ. Thiết kế tối giản, chắc chắn. Phù hợp phòng khách Scandinavian.",product-scandinavian-tb195-bevel-light-oak-coffee-table-01.jpg
PRD_SCA_017,Ghế Papasan D100cm,Bàn ghế,Scandinavian,2200000,100 x 80 cm,"Mây, gỗ",Natural,"Ghế Papasan đế tròn, khung mây đan tự nhiên. Đệm rộng tạo cảm giác thư giãn. Phù hợp ban công, phòng khách hoặc góc đọc.",product-scandinavian-papasan-chair-d100cm-01.jpg
PRD_SCA_018,Tranh Antlers 35x50cm,Phụ kiện,Scandinavian,650000,35 x 50 cm,"Giấy, gỗ",Đen/Trắng,"Tranh in họa tiết gạc hươu tối giản. Tông đen trắng dễ treo trong nhiều không gian. Phù hợp phong cách Scandinavian, Nordic.",product-scandinavian-antlers-painting-35x50cm-01.jpg
PRD_SCA_019,Đèn thả kem chấm bi Element,Đèn,Scandinavian,4100000,35 x 25 cm,"Gốm, kim loại",Kem,"Đèn thả chụp gốm màu kem, bề mặt chấm bi nhẹ. Ánh sáng ấm, phù hợp bàn ăn. Thiết kế thủ công, tinh tế.",product-scandinavian-small-speckled-cream-element-pendant-35016-01.jpg
PRD_SCA_020,Thang tre treo chăn,Phụ kiện,Scandinavian,550000,50 x 180 cm,Tre,Natural,"Thang treo chăn bằng tre tự nhiên. Dùng để treo khăn, chăn hoặc tạp chí. Mang lại nét mộc mạc, ấm áp cho phòng ngủ.",product-scandinavian-bamboo-blanket-ladder-01.jpg
PRD_SCA_021,Vòi rửa mặt Rea Venti Brush Gold,Phòng tắm,Scandinavian,2800000,20 x 15 x 10 cm,Đồng thau,Vàng đồng,"Vòi rửa mặt gắn tường màu vàng đồng. Thiết kế tối giản, hiện đại. Phù hợp phòng tắm Scandinavian sang trọng.",product-scandinavian-wall-mounted-faucet-rea-venti-brush-gold-01.jpg
PRD_SCA_022,Gương Akis,Phụ kiện,Scandinavian,1900000,60 x 80 cm,"Kính, gỗ",Trắng,"Gương Akis khung mảnh, dáng chữ nhật bo góc. Phù hợp treo phòng tắm hoặc hành lang. Thiết kế tối giản, sáng không gian.",product-scandinavian-akis-mirror-01.jpg
PRD_SCA_023,Bench gỗ Farmhouse,Bàn ghế,Scandinavian,3500000,120 x 40 x 45 cm,Gỗ,Nâu,"Bench gỗ phong cách farmhouse, mặt ngồi rộng. Dùng ở lối vào, cuối giường hoặc bàn ăn. Kết cấu chắc chắn, mộc mạc.",product-scandinavian-farmhouse-entryway-bench-01.jpg
PRD_SCA_024,Bồn tắm gỗ Ofuro Hojo,Phòng tắm,Scandinavian,35000000,120 x 70 x 60 cm,Gỗ tuyết tùng,Natural,"Bồn tắm gỗ kiểu Ofuro Nhật Bản. Gỗ tuyết tùng thơm, giữ nhiệt tốt. Phù hợp phòng tắm sang trọng, thư giãn.",product-scandinavian-ofuro-hojo-wooden-bathtub-01.jpg
PRD_SCA_025,Bàn chải khô cơ thể Hydrea London,Phòng tắm,Scandinavian,450000,40 x 10 cm,"Gỗ sồi, lông thực vật",Gỗ,"Bàn chải khô cơ thể cán dài, lông xương rồng. Dùng để massage, tẩy tế bào chết. Thiết kế tự nhiên, thân thiện môi trường.",product-scandinavian-hydrea-london-dry-body-brush-01.jpg
PRD_SCA_026,Kệ lavabo gỗ sồi 1 ngăn kéo,Kệ tủ,Scandinavian,6800000,60 x 45 x 85 cm,Gỗ sồi,Natural,"Kệ lavabo gỗ sồi một ngăn kéo, thiết kế treo tường. Tối giản, tiết kiệm diện tích. Phù hợp phòng tắm Scandinavian.",product-scandinavian-oak-bathroom-vanity-unit-one-drawer-01.jpg
PRD_SCA_027,Ghế lounge Article Gabriola,Ghế,Scandinavian,18000000,80 x 85 x 75 cm,"Vải, gỗ",Xám,"Ghế lounge Gabriola dáng thấp, đệm dày. Bọc vải xám trung tính, chân gỗ. Phù hợp phòng khách hiện đại, ấm cúng.",product-scandinavian-article-gabriola-lounge-chair-01.jpg
PRD_SCA_028,Giường Gwen King kim loại bọc vải,Giường,Scandinavian,14500000,200 x 180 x 120 cm,"Kim loại, vải",Xám,"Giường Gwen King khung kim loại kết hợp đầu giường bọc vải. Thiết kế tối giản, vững chắc. Phù hợp phòng ngủ Scandinavian.",product-scandinavian-gwen-king-metal-upholstered-bed-01.jpg
PRD_SCA_029,Bàn đầu giường Linea đen,Bàn ghế,Scandinavian,4200000,55 x 45 x 60 cm,"Gỗ, kim loại",Đen,"Bàn đầu giường Linea màu đen, thiết kế gọn gàng. Có ngăn kéo tiện dụng. Phù hợp phòng ngủ tối giản, hiện đại.",product-scandinavian-linea-nightstand-black-01.jpg
PRD_SCA_030,Tủ 6 ngăn Envelo óc chó đen,Kệ tủ,Scandinavian,22000000,160 x 50 x 80 cm,"Gỗ óc chó, kim loại",Đen,"Tủ 6 ngăn kéo Envelo, mặt gỗ óc chó tối màu. Thiết kế thanh lịch, chắc chắn. Phù hợp phòng ngủ hoặc phòng khách.",product-scandinavian-envelo-black-walnut-6-drawer-double-dresser-01.jpg
PRD_SCA_031,Gối Peykan 22x22,Gối,Scandinavian,1800000,55 x 55 cm,"Vải, lông vũ",Nhiều màu,"Gối Peykan họa tiết dân tộc tinh tế. Chất vải mềm, ruột lông vũ êm. Tạo điểm nhấn cho sofa hoặc giường.",product-scandinavian-pey04-peykan-pillow-01.jpg
PRD_SCA_032,Tranh tường Monochrome Balance 1,Phụ kiện,Scandinavian,2500000,48 x 56 cm,"Giấy, gỗ",Trắng/Đen,"Tranh Monochrome Balance 1 tông trắng đen tối giản. Khung trắng, phù hợp treo tường phòng khách. Mang lại cảm giác cân bằng, nhẹ nhàng.",product-scandinavian-monochrome-balance-1-wall-art-01.jpg
PRD_SCA_033,Tranh tường Monochrome Balance 2,Phụ kiện,Scandinavian,2500000,48 x 56 cm,"Giấy, gỗ",Trắng/Đen,"Tranh Monochrome Balance 2 tông trắng đen tối giản. Khung trắng, treo cặp với bản 1. Phù hợp không gian Scandinavian.",product-scandinavian-monochrome-balance-2-wall-art-01.jpg
PRD_SCA_034,Đèn bàn Drake 22,Đèn,Scandinavian,2300000,30 x 55 cm,"Kim loại, vải",Đen,"Đèn bàn Drake 22 chụp vải đen, chân kim loại. Ánh sáng ấm, phù hợp bàn làm việc hoặc đầu giường. Thiết kế tối giản, hiện đại.",product-scandinavian-drake-22-table-lamp-01.jpg
PRD_SCA_035,Bench da Nico,Bàn ghế,Scandinavian,8900000,120 x 40 x 45 cm,"Da, gỗ",Nâu,"Bench da Nico mặt da tự nhiên, chân gỗ. Dùng cuối giường hoặc phòng khách. Thiết kế sang trọng, ấm áp.",product-scandinavian-nico-leather-bench-01.jpg
PRD_SCA_036,Bàn accent Melanie trắng,Bàn ghế,Scandinavian,5600000,45 x 55 cm,"Gỗ, sơn",Trắng,"Bàn accent Melanie màu trắng, dáng tròn nhỏ gọn. Phù hợp cạnh sofa hoặc góc đọc sách. Thiết kế tối giản, thanh lịch.",product-scandinavian-melanie-accent-table-white-01.jpg
PRD_SCA_037,Bàn đầu giường Alyssa gỗ công nghiệp,Bàn ghế,Scandinavian,2700000,50 x 40 x 60 cm,Gỗ công nghiệp,Nâu,"Bàn đầu giường Alyssa gỗ công nghiệp, màu nâu ấm. Có ngăn kéo tiện dụng. Phù hợp phòng ngủ nhỏ, tối giản.",product-scandinavian-alyssa-manufactured-wood-nightstand-01.jpg
PRD_SCA_038,Tủ 6 ngăn Bremond,Kệ tủ,Scandinavian,7900000,150 x 50 x 80 cm,Gỗ công nghiệp,Trắng,"Tủ 6 ngăn kéo Bremond màu trắng. Thiết kế đơn giản, dễ phối. Phù hợp phòng ngủ hoặc phòng thay đồ.",product-scandinavian-bremond-6-drawer-dresser-01.jpg
PRD_SCA_039,Bàn phụ Fluornoy xám,Bàn ghế,Scandinavian,4300000,50 x 55 cm,"Gỗ, kim loại",Xám,"Bàn phụ Fluornoy màu xám, mặt tròn. Chân kim loại mảnh. Phù hợp cạnh ghế sofa hoặc giường.",product-scandinavian-fluornoy-gray-side-table-01.jpg
PRD_SCA_040,Giường Ana bọc vải wingback,Giường,Scandinavian,11200000,200 x 180 x 130 cm,"Vải, gỗ",Beige,"Giường Ana đầu giường wingback bọc vải be. Thiết kế mềm mại, sang trọng. Phù hợp phòng ngủ Scandinavian.",product-scandinavian-ana-upholstered-wingback-bed-01.jpg
PRD_SCA_041,Khung tranh gỗ Icon 4x6 đen,Phụ kiện,Scandinavian,350000,10 x 15 cm,Gỗ,Đen,"Khung tranh gỗ Icon 4x6 màu đen. Thiết kế tối giản, viền mảnh. Dùng treo ảnh nhỏ hoặc tranh postcard.",product-scandinavian-icon-wood-4x6-black-picture-frame-01.jpg
PRD_SCA_042,Chậu cây Sansevieria Charcoal,Phụ kiện,Scandinavian,1200000,20 x 50 cm,"Gốm, cây",Xám than,"Chậu Sansevieria trong chậu gốm xám than. Cây dễ chăm sóc, thanh lọc không khí. Phù hợp góc phòng, bàn làm việc.",product-scandinavian-sansevieria-charcoal-bloomscape-01.jpg
PRD_SCA_043,Gối lumbar Monterosa,Gối,Scandinavian,1500000,35 x 60 cm,Vải,Beige,"Gối lumbar Monterosa họa tiết nhẹ. Kích thước dài, phù hợp đặt sofa hoặc ghế. Mang lại điểm nhấn mềm mại.",product-scandinavian-monterosa-lumbar-pillow-01.jpg
PRD_SCA_044,Chậu cây Sansevieria Sayuri Slate,Phụ kiện,Scandinavian,1200000,20 x 50 cm,"Gốm, cây",Xám đá,"Chậu Sansevieria Sayuri trong chậu gốm xám đá. Cây lá đứng, dễ chăm. Phù hợp trang trí phòng khách, phòng ngủ.",product-scandinavian-sansevieria-sayuri-slate-bloomscape-01.jpg
PRD_SCA_045,Bát tráng miệng vỏ sò Laraine,Bát,Scandinavian,250000,12 x 6 cm,Gốm,Trắng,"Bát tráng miệng Laraine hình vỏ sò, men trắng. Dùng đựng trái cây, kem hoặc đồ ăn nhẹ. Thiết kế tự nhiên, tinh tế.",product-scandinavian-laraine-shell-dessert-bowl-01.jpg
PRD_SCA_046,Tranh khung Shoreline,Phụ kiện,Scandinavian,2800000,60 x 80 cm,"Giấy, gỗ",Xanh biển,"Tranh Shoreline phong cảnh biển nhẹ nhàng. Khung gỗ tự nhiên. Phù hợp treo phòng khách, phòng ngủ.",product-scandinavian-shoreline-framed-painting-01.jpg
PRD_SCA_047,Thảm Mindi Beige Gray,Thảm,Scandinavian,6500000,200 x 290 cm,Len,Beige xám,"Thảm Mindi màu beige xám, kích thước lớn. Bề mặt mềm, phù hợp phòng khách. Tông trung tính dễ phối nội thất.",product-scandinavian-mindi-beige-gray-area-rug-01.jpg
PRD_SCA_048,Đèn bàn gốm trắng Cosgrove,Đèn,Scandinavian,3100000,35 x 65 cm,"Gốm, vải",Trắng,"Đèn bàn Cosgrove chân gốm trắng, chụp vải. Ánh sáng ấm, phù hợp đầu giường hoặc bàn console. Thiết kế thanh lịch, hiện đại.",product-scandinavian-possini-euro-cosgrove-white-ceramic-table-lamp-01.jpg
PRD_SCA_049,Vỏ gối trẻ em navy Supersoft,Gối,Scandinavian,450000,50 x 70 cm,Cotton hữu cơ,Navy,"Vỏ gối trẻ em màu navy, cotton hữu cơ gauze. Mềm mại, an toàn cho da nhạy cảm. Phù hợp phòng ngủ trẻ em.",product-scandinavian-supersoft-midnight-navy-pillow-sham-01.jpg
